N,P,K,temperature,humidity,ph,rainfall,label
33,134,205,21.0365275,65.0,8.2,120.0,apple
6,144,198,21.11478672,65.0,8.2,120.0,apple
33,143,204,21.1316077,65.0,8.2,120.0,apple
8,120,201,21.18667419,65.0,8.2,120.0,apple
35,138,200,21.19909519,65.0,8.2,120.0,apple
32,141,203,21.25941052,65.0,8.2,120.0,apple
26,126,195,21.41363812,65.0,8.2,120.0,apple
27,120,200,21.45278675,65.0,8.2,120.0,apple
14,139,197,21.72484506,65.0,8.2,120.0,apple
22,144,196,21.91191314,65.0,8.2,120.0,apple
0,123,205,22.02775403,65.0,8.2,120.0,apple
10,141,201,22.12659387,65.0,8.2,120.0,apple
31,137,196,22.14464104,65.0,8.2,120.0,apple
29,138,197,22.19055385,65.0,8.2,120.0,apple
13,121,196,22.20700989,65.0,8.2,120.0,apple
10,125,196,22.31253665,65.0,8.2,120.0,apple
18,125,204,22.35548159,65.0,8.2,120.0,apple
12,129,205,22.36238282,65.0,8.2,120.0,apple
35,131,203,22.42776057,65.0,8.2,120.0,apple
29,128,198,22.44075021,65.0,8.2,120.0,apple
26,122,202,22.44516988,65.0,8.2,120.0,apple
2,131,199,22.47420512,65.0,8.2,120.0,apple
23,138,195,22.49095104,65.0,8.2,120.0,apple
15,123,204,22.52709326,65.0,8.2,120.0,apple
14,128,205,22.60800988,65.0,8.2,120.0,apple
37,137,199,22.63946441,65.0,8.2,120.0,apple
2,143,196,22.71271308,65.0,8.2,120.0,apple
24,128,196,22.75088787,65.0,8.2,120.0,apple
1,135,203,22.77856513,65.0,8.2,120.0,apple
25,143,198,22.81212536,65.0,8.2,120.0,apple
29,121,196,22.84852833,65.0,8.2,120.0,apple
32,137,204,22.86006627,65.0,8.2,120.0,apple
13,144,197,22.9215706,65.0,8.2,120.0,apple
6,124,200,22.98208095,65.0,8.2,120.0,apple
28,136,200,23.06204373,65.0,8.2,120.0,apple
13,126,204,23.1094265,65.0,8.2,120.0,apple
31,121,201,23.15791104,65.0,8.2,120.0,apple
36,140,198,23.34386401,65.0,8.2,120.0,apple
14,140,197,23.35225078,65.0,8.2,120.0,apple
28,123,198,23.46260321,65.0,8.2,120.0,apple
37,126,196,23.59997268,65.0,8.2,120.0,apple
29,140,195,23.64082979,65.0,8.2,120.0,apple
36,144,196,23.65167552,65.0,8.2,120.0,apple
0,133,200,23.67287749,65.0,8.2,120.0,apple
16,143,204,23.71475278,65.0,8.2,120.0,apple
38,135,203,23.76121837,65.0,8.2,120.0,apple
25,143,200,23.80436344,65.0,8.2,120.0,apple
32,145,203,23.83053666,65.0,8.2,120.0,apple
21,135,198,23.86087054,65.0,8.2,120.0,apple
7,141,195,23.8812458,65.0,8.2,120.0,apple
105,93,85,25.01018457,78.76260938,6.4,170.0,banana
89,91,85,25.08347445,80.261731,6.4,170.0,banana
105,74,85,25.14517635,81.38204104,6.4,170.0,banana
108,72,85,25.16278237,84.97849241,6.4,170.0,banana
117,82,85,25.29391516,79.29122198,6.4,170.0,banana
101,70,85,25.36059237,75.03193255,6.4,170.0,banana
100,74,85,25.43480512,81.53977797,6.4,170.0,banana
117,76,85,25.56202173,77.38229006,6.4,170.0,banana
105,88,85,25.78749808,84.51194224,6.4,170.0,banana
93,94,85,25.86632408,84.42379269,6.4,170.0,banana
95,74,85,25.90113128,80.47152737,6.4,170.0,banana
85,95,85,25.94019018,78.3422098,6.4,170.0,banana
80,77,85,26.05433004,79.39654531,6.4,170.0,banana
114,79,85,26.21009246,82.34429458,6.4,170.0,banana
99,73,85,26.29039046,81.06003778,6.4,170.0,banana
111,87,85,26.3985515,81.36028902,6.4,170.0,banana
116,81,85,26.42313317,83.6995044,6.4,170.0,banana
83,95,85,26.51682337,77.79913575,6.4,170.0,banana
99,70,85,26.59580783,82.99556744,6.4,170.0,banana
89,85,85,26.6719835,76.48541655,6.4,170.0,banana
104,80,85,27.09062164,81.33506906,6.4,170.0,banana
106,85,85,27.1994597,78.8086068,6.4,170.0,banana
82,75,85,27.34585147,78.4873835,6.4,170.0,banana
92,81,85,27.39341554,81.4654833,6.4,170.0,banana
83,94,85,27.39872329,81.10523402,6.4,170.0,banana
91,75,85,27.48612983,76.11239849,6.4,170.0,banana
100,80,85,27.53911354,77.25629897,6.4,170.0,banana
109,79,85,27.66752761,79.68542782,6.4,170.0,banana
86,79,85,27.81251452,82.69285419,6.4,170.0,banana
102,73,85,27.9122104,83.36307683,6.4,170.0,banana
90,86,85,27.96236771,84.15403614,6.4,170.0,banana
95,88,85,28.00316034,78.90085998,6.4,170.0,banana
86,95,85,28.05484146,78.04602887,6.4,170.0,banana
95,75,85,28.08166093,75.26429821,6.4,170.0,banana
99,92,85,28.1279509,77.48247073,6.4,170.0,banana
101,92,85,28.22776705,80.6430384,6.4,170.0,banana
94,89,85,28.55980972,84.51602322,6.4,170.0,banana
102,71,85,28.65456263,79.28693687,6.4,170.0,banana
110,71,85,28.67208915,82.20793613,6.4,170.0,banana
82,77,85,28.9470467,82.1888998,6.4,170.0,banana
92,75,85,29.01207743,77.95192527,6.4,170.0,banana
88,78,85,29.10403455,79.19588629,6.4,170.0,banana
104,73,85,29.1400919,80.1190228,6.4,170.0,banana
94,91,85,29.16093424,76.67484233,6.4,170.0,banana
85,89,85,29.21144871,84.70189923,6.4,170.0,banana
112,73,85,29.2440638,77.32017166,6.4,170.0,banana
91,94,85,29.36792366,76.24900101,6.4,170.0,banana
107,71,85,29.42017919,83.96754496,6.4,170.0,banana
117,81,85,29.50704598,78.20585613,6.4,170.0,banana
109,91,85,29.66727337,83.51014178,6.4,170.0,banana
21,63,22,28.0,60.0,6.859409487,74.61649888,blackgram
58,75,25,28.0,60.0,7.261791753,68.64685069,blackgram
20,68,23,28.0,60.0,7.707332484,63.1830529,blackgram
37,62,17,28.0,60.0,7.121254928,74.62068748,blackgram
42,61,22,28.0,60.0,7.418650668,70.23207557,blackgram
44,63,15,28.0,60.0,7.338929556,63.46546487,blackgram
43,61,20,28.0,60.0,6.804253866,63.51822045,blackgram
50,74,17,28.0,60.0,6.5408208,73.84949872,blackgram
58,79,17,28.0,60.0,7.04174124,62.31842057,blackgram
20,60,25,28.0,60.0,6.726469088,61.19250859,blackgram
42,58,25,28.0,60.0,6.513620918,69.46020927,blackgram
42,79,23,28.0,60.0,6.781841984,68.56507978,blackgram
50,58,23,28.0,60.0,7.596802025,69.75555541,blackgram
44,58,18,28.0,60.0,6.814410928,72.49507741,blackgram
21,80,20,28.0,60.0,7.350869792,64.32887142,blackgram
28,65,23,28.0,60.0,7.405176138,74.24459122,blackgram
25,71,24,28.0,60.0,7.187721818,74.91559514,blackgram
59,58,17,28.0,60.0,7.368318809,62.83469851,blackgram
33,80,22,28.0,60.0,6.593961761,70.0866434,blackgram
41,74,18,28.0,60.0,6.599147298,73.37686831,blackgram
50,64,25,28.0,60.0,6.734447425,70.25496749,blackgram
20,62,18,28.0,60.0,7.366542647,61.91208707,blackgram
25,68,19,28.0,60.0,7.108450121,67.47677295,blackgram
56,79,15,28.0,60.0,7.454532137,71.89090748,blackgram
52,63,19,28.0,60.0,6.928898659,67.53021213,blackgram
24,80,19,28.0,60.0,6.808041722,65.66436565,blackgram
29,63,17,28.0,60.0,7.26154329,66.47264636,blackgram
36,66,15,28.0,60.0,6.668238556,67.1367443,blackgram
56,75,15,28.0,60.0,7.152272256,66.37171179,blackgram
33,77,21,28.0,60.0,7.01285529,71.64631281,blackgram
40,63,18,28.0,60.0,6.74441168,63.02473185,blackgram
55,66,22,28.0,60.0,7.747775263,66.63830637,blackgram
34,60,16,28.0,60.0,7.322555223,63.85668948,blackgram
34,80,19,28.0,60.0,6.521217963,71.48327008,blackgram
49,72,15,28.0,60.0,7.137004749,74.86960831,blackgram
25,76,17,28.0,60.0,7.241148507,62.3061735,blackgram
53,67,17,28.0,60.0,7.296972161,61.46892873,blackgram
57,67,25,28.0,60.0,7.551364319,64.55882254,blackgram
44,77,21,28.0,60.0,7.326980454,61.83876146,blackgram
55,60,15,28.0,60.0,7.163043872,64.11411069,blackgram
23,57,19,28.0,60.0,7.251000789,73.40452716,blackgram
30,65,25,28.0,60.0,7.70650895,71.50569456,blackgram
33,75,21,28.0,60.0,6.690655045,62.30278274,blackgram
55,78,21,28.0,60.0,6.602888249,63.57445989,blackgram
52,70,16,28.0,60.0,7.534811833,67.32520551,blackgram
30,64,20,28.0,60.0,6.573531614,68.02199825,blackgram
35,72,21,28.0,60.0,7.741418772,66.85510868,blackgram
40,68,17,28.0,60.0,7.733149554,70.40795007,blackgram
23,70,15,28.0,60.0,7.403623355,60.41790253,blackgram
39,60,21,28.0,60.0,6.97297656,64.72797143,blackgram
40,72,77,17.02498456,55.0,5.2,95.0,chickpea
26,80,83,17.08498521,55.0,5.2,95.0,chickpea
54,77,85,17.1418614,55.0,5.2,95.0,chickpea
57,68,81,17.17012591,55.0,5.2,95.0,chickpea
42,79,85,17.22385224,55.0,5.2,95.0,chickpea
24,55,78,17.30287885,55.0,5.2,95.0,chickpea
57,56,78,17.34150229,55.0,5.2,95.0,chickpea
28,58,81,17.47500984,55.0,5.2,95.0,chickpea
25,78,76,17.48042641,55.0,5.2,95.0,chickpea
52,68,78,17.48504075,55.0,5.2,95.0,chickpea
29,77,75,17.50361137,55.0,5.2,95.0,chickpea
56,67,78,17.57445618,55.0,5.2,95.0,chickpea
22,78,76,17.84851658,55.0,5.2,95.0,chickpea
34,71,79,17.927806,55.0,5.2,95.0,chickpea
28,74,81,18.01272266,55.0,5.2,95.0,chickpea
42,62,75,18.17912258,55.0,5.2,95.0,chickpea
24,56,85,18.19903647,55.0,5.2,95.0,chickpea
36,65,80,18.2872007,55.0,5.2,95.0,chickpea
36,67,77,18.36952567,55.0,5.2,95.0,chickpea
57,73,85,18.49311205,55.0,5.2,95.0,chickpea
59,62,83,18.57665902,55.0,5.2,95.0,chickpea
38,60,76,18.65054116,55.0,5.2,95.0,chickpea
57,58,77,18.72649425,55.0,5.2,95.0,chickpea
54,61,77,18.81198127,55.0,5.2,95.0,chickpea
22,60,85,18.8392908,55.0,5.2,95.0,chickpea
51,72,75,18.88852533,55.0,5.2,95.0,chickpea
23,62,85,18.97424756,55.0,5.2,95.0,chickpea
23,72,84,19.02061277,55.0,5.2,95.0,chickpea
59,69,80,19.07937684,55.0,5.2,95.0,chickpea
60,68,83,19.12065218,55.0,5.2,95.0,chickpea
27,73,79,19.16288268,55.0,5.2,95.0,chickpea
35,66,81,19.37101121,55.0,5.2,95.0,chickpea
30,75,81,19.41789736,55.0,5.2,95.0,chickpea
37,55,82,19.45591848,55.0,5.2,95.0,chickpea
43,66,79,19.46233971,55.0,5.2,95.0,chickpea
45,61,78,19.48649305,55.0,5.2,95.0,chickpea
29,75,75,19.62416326,55.0,5.2,95.0,chickpea
49,71,76,19.71098332,55.0,5.2,95.0,chickpea
58,63,81,19.81344531,55.0,5.2,95.0,chickpea
39,76,76,19.96837462,55.0,5.2,95.0,chickpea
25,68,77,20.09340593,55.0,5.2,95.0,chickpea
44,74,85,20.18649426,55.0,5.2,95.0,chickpea
30,70,79,20.26942271,55.0,5.2,95.0,chickpea
59,55,79,20.36720401,55.0,5.2,95.0,chickpea
28,76,82,20.56601874,55.0,5.2,95.0,chickpea
58,70,84,20.6543203,55.0,5.2,95.0,chickpea
44,59,78,20.67526473,55.0,5.2,95.0,chickpea
30,65,82,20.71424384,55.0,5.2,95.0,chickpea
31,70,77,20.88818675,55.0,5.2,95.0,chickpea
58,66,79,20.99373558,55.0,5.2,95.0,chickpea
35,50,80,25.00872392,95.59224018,6.001936419,165.8092179,coconut
35,50,80,25.03512351,95.89739958,6.182232762,174.796583,coconut
35,50,80,25.0707247,95.02156793,5.547933273,192.9036306,coconut
35,50,80,25.39241091,98.08951196,5.579845008,218.080385,coconut
35,50,80,25.51791333,94.38420565,6.271952833,178.7297725,coconut
35,50,80,25.54963273,96.92786777,6.156259104,191.2996157,coconut
35,50,80,25.60033702,99.7240104,5.855457599,165.8248732,coconut
35,50,80,25.76011662,94.65830608,5.764812076,131.2451414,coconut
35,50,80,25.84726298,90.92669463,5.860740481,147.8888994,coconut
35,50,80,25.94951662,93.40548703,5.842317989,172.0540491,coconut
35,50,80,26.07010807,96.7036223,5.981169595,143.533473,coconut
35,50,80,26.13958446,96.38580769,6.338720873,131.3387935,coconut
35,50,80,26.18552389,96.96637916,5.612122797,135.4186222,coconut
35,50,80,26.31270635,98.62048026,5.804965067,208.1181381,coconut
35,50,80,26.44600063,98.29937782,6.008386283,221.2258168,coconut
35,50,80,26.50908611,94.48414544,6.143662699,199.8778403,coconut
35,50,80,26.58413917,95.78923137,6.25449571,171.6262299,coconut
35,50,80,26.61423461,96.97300803,6.142010637,191.006688,coconut
35,50,80,26.87037587,91.72546257,6.100429497,214.4128874,coconut
35,50,80,26.92449525,91.20106019,5.570745386,194.9022136,coconut
35,50,80,27.00648436,96.46168931,5.627860549,144.3331315,coconut
35,50,80,27.05826457,91.10510371,5.677282678,224.7006953,coconut
35,50,80,27.10134661,93.69979946,5.551963184,150.9502632,coconut
35,50,80,27.14865285,96.66355213,6.027707171,149.2433497,coconut
35,50,80,27.1872282,92.19906776,6.137102505,141.3220576,coconut
35,50,80,27.45907759,92.90736493,5.836075368,142.1430003,coconut
35,50,80,27.54273211,94.59086121,6.362544111,150.2012138,coconut
35,50,80,27.57283516,94.90485697,5.708409601,145.9298935,coconut
35,50,80,27.63551259,99.34854917,6.38488418,157.9171537,coconut
35,50,80,27.754298,95.94643831,5.56222383,131.0900076,coconut
35,50,80,27.81132822,97.48410555,6.465906333,154.0621221,coconut
35,50,80,28.05912437,98.3670985,5.868255858,171.6516396,coconut
35,50,80,28.130115,95.64807631,5.686972967,151.0761899,coconut
35,50,80,28.27804288,93.64761266,6.095261013,171.9457959,coconut
35,50,80,28.2974764,95.41122824,6.141502001,182.4482352,coconut
35,50,80,28.38503882,99.18843684,5.55771171,189.6711349,coconut
35,50,80,28.43647052,91.81320717,5.568365926,145.5414413,coconut
35,50,80,28.56973521,95.67906668,6.436314406,134.8370348,coconut
35,50,80,28.74013335,93.39676499,5.620733794,156.7650823,coconut
35,50,80,28.84270971,99.64328526,6.218571874,224.4016682,coconut
35,50,80,28.94099669,93.00109012,5.764615485,191.7723087,coconut
35,50,80,28.97318719,98.09861043,5.50158009,213.9011021,coconut
35,50,80,29.01256899,94.01014388,6.282955073,150.0500312,coconut
35,50,80,29.12859129,91.30924833,5.741367375,157.2388553,coconut
35,50,80,29.18032562,92.73041222,6.025789594,204.9603677,coconut
35,50,80,29.25902906,95.11294697,5.542169139,184.7624496,coconut
35,50,80,29.38072512,93.27565685,6.366219551,218.5241851,coconut
35,50,80,29.52501367,91.91185319,6.121005506,194.3100272,coconut
35,50,80,29.69952329,95.21224392,6.342463714,148.3003692,coconut
35,50,80,29.70931288,96.30484325,6.37466756,209.8453993,coconut
109,31,27,23.05951896,90.0,4.3,180.0,coffee
117,37,32,23.1069385,90.0,4.3,180.0,coffee
107,31,31,23.17124551,90.0,4.3,180.0,coffee
109,29,28,23.26316991,90.0,4.3,180.0,coffee
84,27,29,23.32293161,90.0,4.3,180.0,coffee
116,23,25,23.4123707,90.0,4.3,180.0,coffee
116,28,34,23.44372334,90.0,4.3,180.0,coffee
99,16,30,23.52652084,90.0,4.3,180.0,coffee
111,27,31,23.59302313,90.0,4.3,180.0,coffee
97,22,26,23.60567546,90.0,4.3,180.0,coffee
108,35,25,23.98143338,90.0,4.3,180.0,coffee
108,24,31,24.12832546,90.0,4.3,180.0,coffee
99,40,32,24.18471151,90.0,4.3,180.0,coffee
120,40,33,24.23850608,90.0,4.3,180.0,coffee
118,21,34,24.38534644,90.0,4.3,180.0,coffee
88,21,27,24.43011925,90.0,4.3,180.0,coffee
93,26,27,24.59245684,90.0,4.3,180.0,coffee
98,27,27,24.71384065,90.0,4.3,180.0,coffee
116,40,33,24.91370487,90.0,4.3,180.0,coffee
114,27,28,24.99451759,90.0,4.3,180.0,coffee
81,34,30,25.17787724,90.0,4.3,180.0,coffee
100,32,26,25.234661,90.0,4.3,180.0,coffee
114,20,26,25.55656667,90.0,4.3,180.0,coffee
100,24,28,25.59535262,90.0,4.3,180.0,coffee
106,21,35,25.627355,90.0,4.3,180.0,coffee
120,23,28,25.67324193,90.0,4.3,180.0,coffee
113,33,34,26.00373964,90.0,4.3,180.0,coffee
111,29,31,26.05968403,90.0,4.3,180.0,coffee
86,40,33,26.1387869,90.0,4.3,180.0,coffee
87,23,28,26.22367404,90.0,4.3,180.0,coffee
85,35,32,26.24928198,90.0,4.3,180.0,coffee
91,21,26,26.33377983,90.0,4.3,180.0,coffee
119,30,28,26.35770906,90.0,4.3,180.0,coffee
89,28,33,26.44414097,90.0,4.3,180.0,coffee
82,24,33,26.53543168,90.0,4.3,180.0,coffee
107,38,29,26.65069302,90.0,4.3,180.0,coffee
101,31,26,26.70897548,90.0,4.3,180.0,coffee
84,36,28,26.7350622,90.0,4.3,180.0,coffee
101,33,33,26.97251562,90.0,4.3,180.0,coffee
99,15,27,27.0424167,90.0,4.3,180.0,coffee
103,33,25,27.10210397,90.0,4.3,180.0,coffee
103,27,31,27.15998538,90.0,4.3,180.0,coffee
103,40,30,27.30901814,90.0,4.3,180.0,coffee
95,39,29,27.35152643,90.0,4.3,180.0,coffee
104,35,28,27.51006055,90.0,4.3,180.0,coffee
118,31,34,27.54823036,90.0,4.3,180.0,coffee
98,18,27,27.56088634,90.0,4.3,180.0,coffee
116,36,25,27.57847581,90.0,4.3,180.0,coffee
118,18,32,27.6496114,90.0,4.3,180.0,coffee
111,28,26,27.77363343,90.0,4.3,180.0,coffee
55,40,45,35.0,40.0,7.388265888,60.0,cotton
55,40,45,35.0,40.0,6.144631795,60.0,cotton
55,40,45,35.0,40.0,6.364729934,60.0,cotton
55,40,45,35.0,40.0,6.127939628,60.0,cotton
55,40,45,35.0,40.0,7.318802162,60.0,cotton
55,40,45,35.0,40.0,7.432043735,60.0,cotton
55,40,45,35.0,40.0,7.456971816,60.0,cotton
55,40,45,35.0,40.0,7.208795456,60.0,cotton
55,40,45,35.0,40.0,7.59781958,60.0,cotton
55,40,45,35.0,40.0,6.631005298,60.0,cotton
55,40,45,35.0,40.0,7.046607434,60.0,cotton
55,40,45,35.0,40.0,6.114525877,60.0,cotton
55,40,45,35.0,40.0,6.360812227,60.0,cotton
55,40,45,35.0,40.0,6.983395573,60.0,cotton
55,40,45,35.0,40.0,7.227745516,60.0,cotton
55,40,45,35.0,40.0,7.977651226,60.0,cotton
55,40,45,35.0,40.0,6.200671976,60.0,cotton
55,40,45,35.0,40.0,6.720449769,60.0,cotton
55,40,45,35.0,40.0,7.976889498,60.0,cotton
55,40,45,35.0,40.0,7.947011366,60.0,cotton
55,40,45,35.0,40.0,6.10539819,60.0,cotton
55,40,45,35.0,40.0,6.486068274,60.0,cotton
55,40,45,35.0,40.0,7.55606399,60.0,cotton
55,40,45,35.0,40.0,6.691268104,60.0,cotton
55,40,45,35.0,40.0,7.994679507,60.0,cotton
55,40,45,35.0,40.0,7.633437412,60.0,cotton
55,40,45,35.0,40.0,6.021439523,60.0,cotton
55,40,45,35.0,40.0,6.431689506,60.0,cotton
55,40,45,35.0,40.0,6.527541661,60.0,cotton
55,40,45,35.0,40.0,6.363406102,60.0,cotton
55,40,45,35.0,40.0,6.281913858,60.0,cotton
55,40,45,35.0,40.0,6.187455799,60.0,cotton
55,40,45,35.0,40.0,7.766259769,60.0,cotton
55,40,45,35.0,40.0,6.307585854,60.0,cotton
55,40,45,35.0,40.0,6.253343655,60.0,cotton
55,40,45,35.0,40.0,7.979090365,60.0,cotton
55,40,45,35.0,40.0,7.041065585,60.0,cotton
55,40,45,35.0,40.0,6.854558957,60.0,cotton
55,40,45,35.0,40.0,7.453106264,60.0,cotton
55,40,45,35.0,40.0,7.393441155,60.0,cotton
55,40,45,35.0,40.0,7.884550475,60.0,cotton
55,40,45,35.0,40.0,6.205263534,60.0,cotton
55,40,45,35.0,40.0,7.425041316,60.0,cotton
55,40,45,35.0,40.0,7.524707577,60.0,cotton
55,40,45,35.0,40.0,7.306918817,60.0,cotton
55,40,45,35.0,40.0,6.753978061,60.0,cotton
55,40,45,35.0,40.0,6.73210948,60.0,cotton
55,40,45,35.0,40.0,6.470135478,60.0,cotton
55,40,45,35.0,40.0,7.641116569,60.0,cotton
55,40,45,35.0,40.0,7.272316209,60.0,cotton
32,141,204,8.825674745,82.89753705,5.536645599,67.235765,grapes
32,138,197,9.535585543,80.73112694,5.908724337,69.44115171,grapes
23,138,200,9.851242629,80.22631717,5.96537863,68.42802444,grapes
32,120,204,10.38004759,83.44518113,6.138958698,67.3917379,grapes
20,142,196,10.89875873,80.01639435,6.207600783,68.69420397,grapes
37,144,197,11.18994268,80.8084305,6.415555956,66.34234944,grapes
20,122,204,11.7976469,80.86325389,6.487369687,65.06962486,grapes
24,140,205,12.087022,83.59398734,5.93202852,68.66813363,grapes
6,123,203,12.7567962,81.62497448,6.130310493,66.77844567,grapes
38,141,198,13.05809741,80.28297993,5.757009965,70.75633584,grapes
11,124,204,13.42988625,80.06633966,6.361141107,71.40043037,grapes
34,133,202,15.31413469,80.09711412,5.804799142,74.82144653,grapes
11,132,197,15.99050693,81.23966573,5.734317007,74.40198861,grapes
32,129,201,16.36251869,83.00471609,6.48754639,71.55665483,grapes
35,140,197,16.77557314,82.75241875,6.106190557,66.76285469,grapes
3,136,205,17.5862944,80.84806564,6.334771461,71.4065452,grapes
16,139,203,17.82803682,80.96093443,6.27564088,65.84748763,grapes
15,125,199,18.4269936,80.55625868,5.569230319,69.75734306,grapes
19,120,195,18.73932187,81.12109244,5.931538447,73.55807954,grapes
21,139,201,19.3642553,83.36094029,5.980598579,67.15094741,grapes
28,122,197,19.89363946,82.73366439,5.856575335,69.66256816,grapes
38,132,197,20.42094753,81.54185044,5.931101816,66.93065667,grapes
9,141,202,21.01245395,81.17931863,6.119495295,66.38448261,grapes
39,138,203,21.19339319,82.33098331,6.399433771,74.62834921,grapes
24,131,196,22.03296178,83.74372787,5.732453638,65.34440794,grapes
13,132,203,23.60115364,82.48336987,6.423216506,73.23901752,grapes
8,120,196,24.06679352,82.66396666,6.053662544,69.81855775,grapes
40,143,201,24.97256132,82.72828653,6.476757723,66.70016285,grapes
36,128,204,25.23542319,80.68700527,5.695792761,67.03840888,grapes
6,139,199,25.67385024,81.6212135,6.29099842,74.10919422,grapes
40,121,199,26.18159716,81.03886263,6.315586313,66.05911698,grapes
8,127,196,27.02766138,83.17093908,5.833302165,70.95666003,grapes
22,138,195,27.83487131,83.51444973,6.208196881,73.02882766,grapes
4,134,200,28.57828803,80.95628959,5.840256272,73.34232097,grapes
8,139,199,29.36947679,81.53996362,6.336426667,66.13442813,grapes
29,142,203,29.67229086,83.71498986,5.891195653,66.48490371,grapes
24,130,195,29.99677232,81.54156612,6.112305667,67.12534492,grapes
13,144,204,30.7280404,82.42614055,6.092241627,68.38135469,grapes
12,142,203,31.3115978,82.56407013,5.972850838,65.01095312,grapes
33,139,203,33.34214482,82.51034633,5.693287415,70.68098614,grapes
26,135,203,33.78372897,81.16314317,5.685102769,74.53557341,grapes
19,123,200,34.76086052,81.03544763,6.167013532,65.70430027,grapes
39,132,196,35.83089092,83.32560104,5.778594403,73.67984885,grapes
39,145,201,36.73126647,80.58931938,5.775600435,72.24230804,grapes
30,120,200,38.06099482,82.24729637,6.234904253,65.70148216,grapes
23,142,197,39.06555518,82.03812973,6.000573725,69.30772897,grapes
2,123,198,39.64851881,82.21079946,6.253034534,70.39906054,grapes
32,130,196,40.66012294,81.24995984,6.372959542,74.03030056,grapes
17,136,195,41.20733624,81.61051026,6.389783283,65.90227462,grapes
8,136,201,41.65602996,82.22118237,5.609255992,74.19664838,grapes
89,52,42,38.0,30.0,6.5,50.0,jute
89,41,38,38.0,30.0,6.5,50.0,jute
70,42,43,38.0,30.0,6.5,50.0,jute
71,56,37,38.0,30.0,6.5,50.0,jute
95,57,41,38.0,30.0,6.5,50.0,jute
75,36,44,38.0,30.0,6.5,50.0,jute
82,46,41,38.0,30.0,6.5,50.0,jute
63,37,43,38.0,30.0,6.5,50.0,jute
96,41,40,38.0,30.0,6.5,50.0,jute
65,39,45,38.0,30.0,6.5,50.0,jute
65,54,39,38.0,30.0,6.5,50.0,jute
80,43,43,38.0,30.0,6.5,50.0,jute
87,44,43,38.0,30.0,6.5,50.0,jute
88,52,39,38.0,30.0,6.5,50.0,jute
90,48,45,38.0,30.0,6.5,50.0,jute
62,49,37,38.0,30.0,6.5,50.0,jute
90,59,35,38.0,30.0,6.5,50.0,jute
69,57,35,38.0,30.0,6.5,50.0,jute
61,41,44,38.0,30.0,6.5,50.0,jute
70,38,35,38.0,30.0,6.5,50.0,jute
91,41,37,38.0,30.0,6.5,50.0,jute
67,60,38,38.0,30.0,6.5,50.0,jute
90,39,37,38.0,30.0,6.5,50.0,jute
89,53,44,38.0,30.0,6.5,50.0,jute
85,53,38,38.0,30.0,6.5,50.0,jute
61,41,35,38.0,30.0,6.5,50.0,jute
84,40,43,38.0,30.0,6.5,50.0,jute
74,40,40,38.0,30.0,6.5,50.0,jute
75,56,44,38.0,30.0,6.5,50.0,jute
100,35,36,38.0,30.0,6.5,50.0,jute
98,43,35,38.0,30.0,6.5,50.0,jute
82,35,35,38.0,30.0,6.5,50.0,jute
77,55,43,38.0,30.0,6.5,50.0,jute
88,50,40,38.0,30.0,6.5,50.0,jute
86,40,39,38.0,30.0,6.5,50.0,jute
74,46,45,38.0,30.0,6.5,50.0,jute
82,48,36,38.0,30.0,6.5,50.0,jute
77,48,36,38.0,30.0,6.5,50.0,jute
60,55,36,38.0,30.0,6.5,50.0,jute
86,39,43,38.0,30.0,6.5,50.0,jute
64,53,38,38.0,30.0,6.5,50.0,jute
84,40,42,38.0,30.0,6.5,50.0,jute
100,56,40,38.0,30.0,6.5,50.0,jute
71,52,43,38.0,30.0,6.5,50.0,jute
91,38,36,38.0,30.0,6.5,50.0,jute
84,38,43,38.0,30.0,6.5,50.0,jute
60,37,39,38.0,30.0,6.5,50.0,jute
67,46,44,38.0,30.0,6.5,50.0,jute
89,57,43,38.0,30.0,6.5,50.0,jute
82,35,44,38.0,30.0,6.5,50.0,jute
25,76,24,15.33042636,24.91506728,5.56503533,135.3315583,kidneybeans
31,75,18,15.46789263,21.43780702,5.824208309,88.88796102,kidneybeans
21,63,17,15.77370214,19.2303162,5.979973965,108.3441414,kidneybeans
20,73,22,16.03768615,22.33195853,5.976312538,130.3900798,kidneybeans
5,74,21,16.24469193,21.35793891,5.591704014,66.97053257,kidneybeans
23,62,19,16.51783455,20.4555596,5.609435128,98.77794225,kidneybeans
35,69,23,16.78791503,24.96881755,5.578410206,75.45328039,kidneybeans
36,68,20,17.06104474,23.77201471,5.86442953,81.83420522,kidneybeans
25,57,19,17.15432954,19.87070659,5.566522896,87.99669731,kidneybeans
37,64,22,17.48189735,18.8251973,5.954665349,121.9401369,kidneybeans
26,65,22,17.84806561,18.77621951,5.949949081,143.0984171,kidneybeans
19,65,25,18.09551014,18.29318436,5.625096446,144.7902323,kidneybeans
22,70,19,18.23775702,21.07643273,5.515615023,69.44951585,kidneybeans
12,63,17,18.358923,19.37703396,5.717143397,138.414764,kidneybeans
16,75,21,18.50692825,23.61670065,5.679224346,87.0513289,kidneybeans
22,60,24,18.78226261,20.24768314,5.630664753,104.2570723,kidneybeans
5,59,15,18.87492997,20.18238348,5.97229163,134.1811718,kidneybeans
27,80,15,19.07096165,21.21092266,5.788386951,86.21917578,kidneybeans
27,56,20,19.25975367,20.51346956,5.542690119,94.9533526,kidneybeans
26,80,18,19.32509638,23.3334788,5.581021521,104.7783947,kidneybeans
11,72,20,19.52226241,24.92607153,5.951177452,113.334026,kidneybeans
28,80,17,19.62207826,18.67170854,5.809419584,144.1567454,kidneybeans
7,79,23,19.6365349,19.68751084,5.821649914,96.65888933,kidneybeans
37,70,25,19.73136909,24.89487354,5.819403771,84.06354115,kidneybeans
27,56,22,19.91853092,20.70099804,5.833010958,108.6434544,kidneybeans
27,72,23,19.92889503,21.79992115,5.961934481,64.02640797,kidneybeans
24,67,22,20.120043,22.89845607,5.618844277,104.6252153,kidneybeans
34,60,23,20.12574053,24.96969858,5.659254981,100.0497183,kidneybeans
18,79,20,20.27514686,23.2353604,5.877347515,139.7521543,kidneybeans
8,72,17,20.57341244,19.7520218,5.711439256,87.87869161,kidneybeans
19,78,16,20.65375833,23.10538637,5.967533236,67.71768947,kidneybeans
27,63,19,20.93409877,21.1893007,5.562201934,133.1914419,kidneybeans
11,71,24,21.14011423,22.7182355,5.606620346,141.6056722,kidneybeans
5,65,16,21.32776028,18.48522915,5.866744372,109.1013261,kidneybeans
22,79,17,21.42451099,20.39659714,5.912289889,116.5206923,kidneybeans
40,73,20,21.59343016,20.31871249,5.811314232,61.13872036,kidneybeans
9,80,19,21.80619564,18.57086554,5.945465949,125.0972687,kidneybeans
23,59,19,21.98560799,24.87304788,5.852046999,129.5650601,kidneybeans
2,61,20,22.13974653,23.02251117,5.95561668,76.64128258,kidneybeans
37,65,16,22.8352024,18.97267518,5.683548308,63.59276673,kidneybeans
7,63,24,22.95458237,24.03553105,5.858617867,107.7315386,kidneybeans
22,80,20,23.00884744,18.86880997,5.669560726,100.118612,kidneybeans
31,79,25,23.18864385,22.3104551,5.902033406,63.38208822,kidneybeans
20,69,15,23.44260668,22.77255917,5.934136378,107.4137246,kidneybeans
30,63,16,23.60506572,21.90539577,5.525904526,100.5978728,kidneybeans
14,67,22,23.82576704,24.75485098,5.624690248,84.64143632,kidneybeans
32,79,15,23.90910104,20.74619325,5.706198621,81.60211243,kidneybeans
13,72,21,24.32116642,21.0278674,5.821194486,60.27552528,kidneybeans
32,68,19,24.62835037,18.18325169,5.514234138,149.7441028,kidneybeans
18,74,15,24.9035819,22.27512704,5.70836603,146.4727237,kidneybeans
26,80,22,18.06486101,65.1034354,7.0,85.0,lentil
5,80,19,18.28072173,68.10365387,7.0,85.0,lentil
13,80,24,18.29783597,69.6897615,7.0,85.0,lentil
10,80,18,18.54141834,62.70637578,7.0,85.0,lentil
13,80,22,19.44084326,63.27771461,7.0,85.0,lentil
22,80,18,19.59221047,61.28633405,7.0,85.0,lentil
19,80,19,20.06003985,67.76252583,7.0,85.0,lentil
36,80,20,20.39078312,60.47528931,7.0,85.0,lentil
40,80,22,20.94981756,65.8108757,7.0,85.0,lentil
34,80,15,20.97195263,63.83179889,7.0,85.0,lentil
2,80,23,21.31852148,66.43934593,7.0,85.0,lentil
11,80,17,21.36383757,69.92375891,7.0,85.0,lentil
9,80,17,21.65845777,63.58337146,7.0,85.0,lentil
28,80,21,21.79792649,63.73086065,7.0,85.0,lentil
29,80,18,22.17499963,62.13873825,7.0,85.0,lentil
6,80,15,22.99451999,66.70897237,7.0,85.0,lentil
33,80,19,23.19305333,62.74710773,7.0,85.0,lentil
6,80,23,23.33565221,67.40460704,7.0,85.0,lentil
22,80,16,23.7937153,68.03209183,7.0,85.0,lentil
2,80,22,23.89271875,61.78779413,7.0,85.0,lentil
32,80,22,23.97081395,62.35557553,7.0,85.0,lentil
13,80,25,24.12192608,61.09533545,7.0,85.0,lentil
6,80,18,24.388717,62.50453062,7.0,85.0,lentil
4,80,21,24.84063998,60.09116626,7.0,85.0,lentil
23,80,17,24.87425505,64.00213929,7.0,85.0,lentil
10,80,20,24.98287462,66.895409,7.0,85.0,lentil
15,80,20,25.13163619,66.92642362,7.0,85.0,lentil
27,80,15,25.2653291,67.10004577,7.0,85.0,lentil
28,80,21,25.39038396,60.4989659,7.0,85.0,lentil
39,80,23,25.43459777,69.12613376,7.0,85.0,lentil
36,80,16,25.71269843,64.1123333,7.0,85.0,lentil
0,80,21,25.86928193,61.88321072,7.0,85.0,lentil
37,80,20,25.93381964,68.70533022,7.0,85.0,lentil
9,80,17,26.13708256,66.7729209,7.0,85.0,lentil
37,80,16,26.28663931,68.51966729,7.0,85.0,lentil
6,80,21,26.58972517,66.14007674,7.0,85.0,lentil
30,80,18,27.14911056,67.02664337,7.0,85.0,lentil
12,80,20,27.41434987,63.41785982,7.0,85.0,lentil
1,80,21,27.52135365,60.53657684,7.0,85.0,lentil
32,80,22,27.60195453,63.46170674,7.0,85.0,lentil
22,80,16,27.70496805,63.20915034,7.0,85.0,lentil
14,80,15,27.99990346,65.57653373,7.0,85.0,lentil
32,80,15,28.05153602,63.49802189,7.0,85.0,lentil
31,80,15,28.31886863,60.19461399,7.0,85.0,lentil
0,80,24,28.49584395,62.44616219,7.0,85.0,lentil
8,80,17,28.75273118,69.15640149,7.0,85.0,lentil
22,80,22,29.03017561,64.49166566,7.0,85.0,lentil
4,80,16,29.19585548,68.01965728,7.0,85.0,lentil
0,80,22,29.82112112,69.4073209,7.0,85.0,lentil
26,80,17,29.87854588,65.73085206,7.0,85.0,lentil
81,49,20,37.0,35.0,5.513697923,80.0,maize
91,55,15,37.0,35.0,6.376651091,80.0,maize
63,58,22,37.0,35.0,6.204747653,80.0,maize
60,38,17,37.0,35.0,6.474476516,80.0,maize
63,43,19,37.0,35.0,6.641906353,80.0,maize
87,48,25,37.0,35.0,6.656730008,80.0,maize
92,60,23,37.0,35.0,5.721667141,80.0,maize
83,45,21,37.0,35.0,5.716222912,80.0,maize
90,57,24,37.0,35.0,6.158860284,80.0,maize
66,44,20,37.0,35.0,6.740000688,80.0,maize
63,43,17,37.0,35.0,6.807487794,80.0,maize
81,45,23,37.0,35.0,6.192360003,80.0,maize
83,58,23,37.0,35.0,6.381201909,80.0,maize
73,58,21,37.0,35.0,6.596060648,80.0,maize
87,60,23,37.0,35.0,6.439071996,80.0,maize
76,44,17,37.0,35.0,5.855442401,80.0,maize
99,36,20,37.0,35.0,6.671085817,80.0,maize
75,53,18,37.0,35.0,6.864793607,80.0,maize
75,49,15,37.0,35.0,5.918263801,80.0,maize
74,48,17,37.0,35.0,6.430616465,80.0,maize
68,41,16,37.0,35.0,6.158830619,80.0,maize
63,35,16,37.0,35.0,6.272417541,80.0,maize
71,35,24,37.0,35.0,5.826426917,80.0,maize
84,57,25,37.0,35.0,6.489040367,80.0,maize
74,39,23,37.0,35.0,6.78073637,80.0,maize
99,38,21,37.0,35.0,6.352471866,80.0,maize
78,48,22,37.0,35.0,5.588650585,80.0,maize
63,42,21,37.0,35.0,5.798423908,80.0,maize
67,35,22,37.0,35.0,6.385684214,80.0,maize
61,59,17,37.0,35.0,6.47444292,80.0,maize
67,51,24,37.0,35.0,5.584171461,80.0,maize
98,35,18,37.0,35.0,6.252797548,80.0,maize
94,39,18,37.0,35.0,5.893093135,80.0,maize
76,39,24,37.0,35.0,6.995843776,80.0,maize
70,47,17,37.0,35.0,6.600827017,80.0,maize
60,44,23,37.0,35.0,5.722579819,80.0,maize
77,52,17,37.0,35.0,5.714799723,80.0,maize
60,46,22,37.0,35.0,6.625404348,80.0,maize
77,57,21,37.0,35.0,6.550563823,80.0,maize
88,38,15,37.0,35.0,6.455116637,80.0,maize
61,41,17,37.0,35.0,6.021902237,80.0,maize
89,60,19,37.0,35.0,5.913664501,80.0,maize
78,37,22,37.0,35.0,6.330554389,80.0,maize
89,60,17,37.0,35.0,5.983952675,80.0,maize
93,41,17,37.0,35.0,6.047906679,80.0,maize
100,48,16,37.0,35.0,5.54990242,80.0,maize
98,44,21,37.0,35.0,6.524478032,80.0,maize
90,52,25,37.0,35.0,6.822586546,80.0,maize
61,44,17,37.0,35.0,6.931756558,80.0,maize
76,51,18,37.0,35.0,6.247040422,80.0,maize
25,30,50,27.00315545,75.0,5.699586972,140.0,mango
25,30,50,27.25373364,75.0,5.566704378,140.0,mango
25,30,50,27.32961444,75.0,6.052026047,140.0,mango
25,30,50,27.53907547,75.0,6.797779227,140.0,mango
25,30,50,27.58258929,75.0,6.720041791,140.0,mango
25,30,50,27.69637763,75.0,6.39474303,140.0,mango
25,30,50,27.75518664,75.0,4.772385986,140.0,mango
25,30,50,27.81005614,75.0,4.74910393,140.0,mango
25,30,50,27.98392787,75.0,5.548584852,140.0,mango
25,30,50,28.1218093,75.0,5.630619901,140.0,mango
25,30,50,28.33333307,75.0,6.434197756,140.0,mango
25,30,50,28.69818144,75.0,4.754435025,140.0,mango
25,30,50,28.89409382,75.0,6.472774648,140.0,mango
25,30,50,28.93270187,75.0,5.664587011,140.0,mango
25,30,50,29.14305008,75.0,6.831706773,140.0,mango
25,30,50,29.38471637,75.0,5.72742254,140.0,mango
25,30,50,29.75150773,75.0,4.981816523,140.0,mango
25,30,50,29.98080499,75.0,6.442393461,140.0,mango
25,30,50,30.01821337,75.0,5.676032581,140.0,mango
25,30,50,30.07202564,75.0,6.10729559,140.0,mango
25,30,50,30.33723921,75.0,5.755049971,140.0,mango
25,30,50,30.7645515,75.0,5.956027059,140.0,mango
25,30,50,30.90225239,75.0,5.73171945,140.0,mango
25,30,50,31.09154239,75.0,4.791146778,140.0,mango
25,30,50,31.20478173,75.0,6.804437106,140.0,mango
25,30,50,31.32863689,75.0,6.524114355,140.0,mango
25,30,50,31.40948821,75.0,6.832979509,140.0,mango
25,30,50,31.53356352,75.0,5.821106036,140.0,mango
25,30,50,31.66524687,75.0,5.435840509,140.0,mango
25,30,50,31.85744939,75.0,5.417340525,140.0,mango
25,30,50,31.89356292,75.0,6.4841522,140.0,mango
25,30,50,32.06097197,75.0,6.336234624,140.0,mango
25,30,50,32.17752026,75.0,6.207495815,140.0,mango
25,30,50,32.27652024,75.0,5.316875978,140.0,mango
25,30,50,32.38697531,75.0,4.691396195,140.0,mango
25,30,50,32.6112614,75.0,5.418475257,140.0,mango
25,30,50,32.89300162,75.0,4.650536197,140.0,mango
25,30,50,33.36140093,75.0,6.13526938,140.0,mango
25,30,50,33.55695561,75.0,4.757114897,140.0,mango
25,30,50,33.7462686,75.0,6.777788126,140.0,mango
25,30,50,33.88004781,75.0,6.273953676,140.0,mango
25,30,50,34.13072188,75.0,5.101206389,140.0,mango
25,30,50,34.17719782,75.0,6.113935087,140.0,mango
25,30,50,34.72413192,75.0,5.161148592,140.0,mango
25,30,50,34.89226666,75.0,6.414526606,140.0,mango
25,30,50,35.38598705,75.0,5.254532213,140.0,mango
25,30,50,35.39986338,75.0,6.166173834,140.0,mango
25,30,50,35.53845018,75.0,4.934964765,140.0,mango
25,30,50,35.7877738,75.0,5.395275719,140.0,mango
25,30,50,35.96054636,75.0,4.555688532,140.0,mango
18,36,23,24.01825377,53.76623369,7.214078621,35.03404425,mothbeans
15,45,23,24.20422636,61.43378674,7.224193642,46.0203959,mothbeans
22,44,24,24.30935081,56.32938343,6.030447288,58.99536268,mothbeans
30,41,15,24.83206631,44.17085032,5.88509677,52.0810886,mothbeans
36,44,21,25.12528913,51.33189406,4.516154055,38.48678973,mothbeans
35,38,19,25.32688786,63.18180319,9.112771682,32.71129281,mothbeans
36,56,20,25.4123765,49.66474269,7.437078236,31.87416982,mothbeans
19,36,22,25.44689075,58.55363573,6.16496284,57.04826619,mothbeans
7,45,22,25.50634557,44.8302551,9.926212291,74.32635105,mothbeans
29,57,20,25.60973447,50.7330069,5.87707519,53.39249517,mothbeans
2,51,17,25.87682261,45.96341933,5.838508699,38.53254678,mothbeans
38,38,18,26.31051759,61.18749126,6.294130313,35.73403813,mothbeans
11,44,17,26.34043268,55.59160391,8.016210782,35.1051197,mothbeans
23,35,18,26.4908332,47.36534833,5.414492777,36.99362831,mothbeans
19,51,25,26.80474415,48.23991436,3.5253661,43.87801983,mothbeans
11,41,19,26.85911286,41.81420849,5.131779302,44.13827124,mothbeans
21,39,20,27.06179658,52.3003173,7.388007483,60.74583498,mothbeans
35,57,25,27.0956288,42.26206161,8.340398059,71.1271039,mothbeans
26,50,19,27.3179125,51.66921088,6.005242945,32.55919573,mothbeans
14,55,15,27.33580911,55.27755933,8.050304395,73.44775287,mothbeans
25,51,18,27.77799528,54.82130787,9.45949344,50.28438729,mothbeans
3,49,18,27.91095209,64.70930606,3.692863601,32.67891866,mothbeans
22,51,16,27.96583691,61.34900107,8.639586199,70.10472076,mothbeans
8,45,15,28.09568993,60.9835384,4.61136408,33.84110759,mothbeans
3,56,17,28.19912143,53.50567601,8.709291688,52.13580529,mothbeans
17,57,20,28.50677929,45.20094476,3.793575185,66.1761456,mothbeans
22,55,24,28.56800579,57.30636014,8.66077954,64.53027638,mothbeans
32,41,16,28.63618921,61.39451307,7.702287236,68.54877876,mothbeans
35,52,15,28.69841277,61.14754363,9.93509073,65.67591794,mothbeans
26,51,25,28.76488954,52.62741529,7.792508068,55.21606732,mothbeans
35,51,17,28.79929247,49.84213387,3.558822825,40.85534718,mothbeans
5,35,20,28.92952635,53.57014709,9.679240873,66.35634104,mothbeans
4,43,18,29.02955344,61.09387478,8.840656256,72.98016599,mothbeans
39,36,22,29.34317422,60.50320928,9.072011412,34.03335472,mothbeans
40,45,20,29.37687468,57.69622912,6.878498176,38.34303462,mothbeans
20,45,16,29.93964907,54.61813464,4.626212446,45.43669946,mothbeans
26,52,23,29.98835437,49.60384796,4.931890506,52.92929636,mothbeans
17,43,22,30.06142622,45.90067655,5.498340808,41.0550915,mothbeans
40,55,18,30.38257873,40.5926071,7.115994051,47.95406479,mothbeans
40,45,18,30.43683729,55.20522037,5.261285926,30.92014047,mothbeans
14,58,17,30.53684308,59.96664731,4.605700542,33.48919022,mothbeans
22,36,16,30.58139475,50.77148138,8.18422855,64.58559639,mothbeans
35,55,22,30.88883074,52.62696801,8.634929739,55.51932414,mothbeans
20,50,22,30.99694676,46.42693735,9.406887533,38.31597852,mothbeans
16,51,21,31.01963639,49.9767522,3.532008668,32.81296548,mothbeans
37,57,20,31.1006247,44.82069159,7.354286985,70.79934452,mothbeans
34,54,24,31.2119298,41.55934359,5.026003659,68.80141783,mothbeans
8,60,18,31.21629982,46.01868196,3.808429173,53.1205277,mothbeans
29,41,21,31.49398069,62.84916863,8.86979671,64.56807592,mothbeans
9,60,23,31.96987867,57.17377029,6.276004336,64.25520357,mothbeans
36,55,20,27.01470397,84.34262707,6.635968698,55.296354,mungbean
35,52,19,27.10606808,89.89593328,6.698574085,37.45680611,mungbean
31,58,15,27.11026483,84.96771717,7.121571293,51.52617423,mungbean
31,37,21,27.23924995,86.404241,6.713410626,37.31236904,mungbean
11,60,23,27.33684386,88.50229102,7.033012777,51.09802625,mungbean
9,35,20,27.41503453,80.98004661,6.91380932,40.53173216,mungbean
1,59,23,27.46852989,87.17649,7.184398832,43.78420984,mungbean
2,38,18,27.53632932,89.92908171,6.619891498,45.48591922,mungbean
22,37,20,27.62749466,86.49366929,6.605733068,39.26137642,mungbean
4,59,25,27.68515114,81.94268594,6.227134139,54.62243308,mungbean
9,48,22,27.77076285,87.09979549,6.402926221,49.50812624,mungbean
36,43,22,27.82684262,87.16679147,6.389882166,58.37249772,mungbean
19,53,22,27.8640132,80.4513142,6.852884643,42.83053902,mungbean
33,57,17,27.89636126,88.71782287,6.78415271,57.79863368,mungbean
8,45,18,27.93034941,85.42058715,7.011030515,43.25095608,mungbean
14,37,15,27.96235681,83.97586797,6.581351374,48.9366954,mungbean
17,58,20,28.06642822,85.91625451,6.42937879,39.23831035,mungbean
6,37,17,28.08657178,80.35005927,6.760694228,38.14476781,mungbean
4,41,20,28.14720892,83.8001509,6.647965508,37.44800463,mungbean
20,45,17,28.17458662,83.69659318,6.770955317,37.2464655,mungbean
24,42,23,28.22471276,82.35916228,6.428054409,44.01206619,mungbean
29,36,25,28.28511547,88.4393979,7.130278657,48.56690235,mungbean
8,54,20,28.3340432,80.77275974,7.034214276,38.7976407,mungbean
36,43,21,28.36319404,84.8593608,7.140437859,52.93031105,mungbean
29,45,16,28.43683487,87.91332682,6.583381939,43.12063289,mungbean
34,35,21,28.44524991,82.67639542,6.684381357,58.18713162,mungbean
22,54,20,28.56149805,83.63802195,6.689825155,41.013132,mungbean
10,59,22,28.60901145,86.99495766,7.155685016,36.94616965,mungbean
6,48,24,28.6362812,84.61431076,6.790736339,48.48319335,mungbean
32,57,22,28.6899851,87.50436797,6.769415888,44.56598352,mungbean
10,37,22,28.7275267,89.12760359,7.069747814,58.52974279,mungbean
23,45,23,28.77653519,86.69133979,6.983130466,56.12443206,mungbean
31,48,17,28.88078945,86.94206817,6.594739424,53.79732545,mungbean
24,53,17,28.95451232,89.07866095,6.421271178,57.65901369,mungbean
28,46,16,29.008124,84.96089355,6.664187809,45.91011391,mungbean
14,41,17,29.12939524,88.48312598,7.085982325,36.45012824,mungbean
27,56,20,29.2114218,87.11497805,6.41874299,51.53848218,mungbean
14,48,21,29.24598976,84.80084105,6.991242362,53.43228915,mungbean
20,41,20,29.27308605,89.4875022,7.073048264,50.9246554,mungbean
1,48,24,29.34594634,85.60472562,6.232836962,59.03629954,mungbean
31,40,22,29.40889385,86.16063492,6.365513634,53.35486977,mungbean
28,35,22,29.53037621,86.73346018,7.156563094,59.87232071,mungbean
20,45,22,29.5888162,89.9939693,6.904587016,54.96121262,mungbean
37,50,23,29.65296893,88.48587386,6.5304707,56.01913159,mungbean
0,49,18,29.68361658,87.93598094,6.990095452,41.82490236,mungbean
21,38,21,29.75538903,86.45193297,6.637677489,37.54602719,mungbean
10,59,15,29.83040388,89.30428305,6.32400451,58.86687093,mungbean
2,47,15,29.86860065,85.99127934,6.401455706,58.41394143,mungbean
22,56,17,29.87888063,87.32761241,6.89077995,44.75215854,mungbean
9,57,24,29.89232778,89.71503316,7.165121109,42.99498978,mungbean
110,14,51,27.02415146,91.66737633,6.085444691,21.26034986,muskmelon
90,15,52,27.04927452,91.3821731,6.448061578,23.65747461,muskmelon
84,18,46,27.08808014,93.42402083,6.781050373,25.32159689,muskmelon
98,26,49,27.29035669,90.53330091,6.130160473,23.49535234,muskmelon
98,26,52,27.33897716,90.69759008,6.150090899,28.69113835,muskmelon
87,25,46,27.42711692,90.02696201,6.379690748,21.7508774,muskmelon
115,12,52,27.51492243,94.96218673,6.685553129,21.01796432,muskmelon
111,5,50,27.59350075,91.79742953,6.399891457,24.84266123,muskmelon
102,24,54,27.72338349,90.93897939,6.698468621,22.81863447,muskmelon
113,6,52,27.76317235,90.35567642,6.740983646,25.21609113,muskmelon
114,27,48,27.82054812,93.03555162,6.528404378,26.32405487,muskmelon
120,23,55,27.84492803,91.60666594,6.732049075,26.47844429,muskmelon
95,21,47,27.93114233,93.56161439,6.431970877,20.66127836,muskmelon
102,11,47,27.98780984,92.78226196,6.504906979,27.14509034,muskmelon
120,16,51,27.99901833,91.64193051,6.547041903,23.28618248,muskmelon
118,18,52,28.04943594,90.83130708,6.562832807,20.76223014,muskmelon
120,25,50,28.05457761,94.81637388,6.327210469,21.84869328,muskmelon
85,9,53,28.20619412,92.86798698,6.447662945,28.78654515,muskmelon
84,21,55,28.47090661,94.79453182,6.494251024,21.08484101,muskmelon
82,26,47,28.50416396,93.46806467,6.565312653,24.20007242,muskmelon
108,22,47,28.53545677,91.72742702,6.161123579,25.1290048,muskmelon
110,15,48,28.57819995,92.86597437,6.212567211,27.5987178,muskmelon
107,11,54,28.59052369,91.33617236,6.094016338,29.44008034,muskmelon
117,25,54,28.68275966,92.50969311,6.150686364,29.11187663,muskmelon
117,19,55,28.80311922,91.78336933,6.121745389,25.16359891,muskmelon
113,28,48,28.87726019,92.48839665,6.170520518,24.44267592,muskmelon
110,25,54,28.91105641,90.78413842,6.425930938,23.44398467,muskmelon
106,16,54,28.96017885,91.69532178,6.585872508,24.7458198,muskmelon
86,18,45,28.96586565,90.71832938,6.566759102,22.25838137,muskmelon
102,11,45,29.03167341,93.12603235,6.35544263,24.15591199,muskmelon
115,9,52,29.06785065,90.97685539,6.019372459,29.1194739,muskmelon
83,7,45,29.08417927,90.73891887,6.704104127,25.33014238,muskmelon
101,25,52,29.09910406,94.22237826,6.750145572,22.52497327,muskmelon
117,25,53,29.11858526,92.12543021,6.413927319,24.52020164,muskmelon
115,18,53,29.17052093,94.19790371,6.012480351,22.06994464,muskmelon
99,29,55,29.19378695,91.46241065,6.660954816,26.48240255,muskmelon
116,25,50,29.26092798,92.92367701,6.088885814,28.70627683,muskmelon
114,8,52,29.34081108,94.5513539,6.419083092,28.22908103,muskmelon
89,9,47,29.47156259,90.77069618,6.668382766,28.75226067,muskmelon
100,14,49,29.48882958,91.07574233,6.365956658,26.01909355,muskmelon
96,13,55,29.5275305,94.57459443,6.700337732,21.13545688,muskmelon
120,8,46,29.55657523,90.70937262,6.732834334,28.36535596,muskmelon
85,21,52,29.62800691,90.10051615,6.075144116,23.69586761,muskmelon
87,14,48,29.69238699,92.58862544,6.606033244,29.1102594,muskmelon
106,20,51,29.73019662,90.97015715,6.342573112,20.49035619,muskmelon
104,25,55,29.81196601,90.36881284,6.123802502,22.68766503,muskmelon
95,13,46,29.84070774,93.76312893,6.126019932,23.28207838,muskmelon
85,21,47,29.87331077,90.60932469,6.186770318,24.69720481,muskmelon
88,17,52,29.90415889,90.75284363,6.646962425,25.37828397,muskmelon
93,20,50,29.93061247,93.22980899,6.448792689,24.34814338,muskmelon
50,50,50,10.01081312,90.22399223,6.22094286,110.0,orange
50,50,50,10.2708877,90.19147747,7.401121811,110.0,orange
50,50,50,10.78689755,91.38411917,6.8198271,110.0,orange
50,50,50,11.50322938,94.8933184,6.946354724,110.0,orange
50,50,50,11.69894639,93.25638873,7.566165721,110.0,orange
50,50,50,11.89925671,91.34663797,7.291405641,110.0,orange
50,50,50,12.59093977,91.81668769,6.206053072,110.0,orange
50,50,50,13.36050601,91.35608208,7.335158382,110.0,orange
50,50,50,13.8377282,91.74780462,6.044167236,110.0,orange
50,50,50,14.78003032,91.22062116,6.118430299,110.0,orange
50,50,50,15.78144173,92.51077745,6.354006744,110.0,orange
50,50,50,16.14820285,91.4448027,7.995848977,110.0,orange
50,50,50,16.53460397,94.76759975,6.475275337,110.0,orange
50,50,50,17.24944623,91.13772765,6.543191814,110.0,orange
50,50,50,17.66545409,91.69865887,6.583411671,110.0,orange
50,50,50,18.05142392,90.03969587,7.016482298,110.0,orange
50,50,50,18.87957654,92.04304496,7.813916603,110.0,orange
50,50,50,19.33516809,91.97978938,6.361671475,110.0,orange
50,50,50,20.18432263,90.65458473,6.969249676,110.0,orange
50,50,50,20.68185224,90.91510525,7.829507245,110.0,orange
50,50,50,21.03200078,92.9641969,7.684420446,110.0,orange
50,50,50,21.35093384,90.9492967,7.871063004,110.0,orange
50,50,50,22.30318989,92.15987039,6.438668989,110.0,orange
50,50,50,22.45616931,91.52781832,7.57125447,110.0,orange
50,50,50,22.67594476,93.36348717,7.477935216,110.0,orange
50,50,50,23.01014302,91.11764246,6.708889665,110.0,orange
50,50,50,23.85340379,90.10522549,7.474710503,110.0,orange
50,50,50,23.98289638,91.5473145,7.455991072,110.0,orange
50,50,50,24.35590861,92.39651663,6.600948788,110.0,orange
50,50,50,24.53610067,91.90997228,6.488221135,110.0,orange
50,50,50,24.85903405,94.39000473,6.559236744,110.0,orange
50,50,50,25.26052689,90.31153735,6.822282114,110.0,orange
50,50,50,25.35467646,91.81183218,7.992041984,110.0,orange
50,50,50,26.03097313,91.50819306,7.511755068,110.0,orange
50,50,50,27.255435,91.71369387,6.969883483,110.0,orange
50,50,50,28.04799508,90.00621688,6.550814117,110.0,orange
50,50,50,28.2620488,91.98317355,6.929216014,110.0,orange
50,50,50,29.47741671,91.57802915,7.129136941,110.0,orange
50,50,50,29.98364695,94.55239717,7.53350946,110.0,orange
50,50,50,30.49183837,90.4582865,7.781988584,110.0,orange
50,50,50,30.72119881,94.01331956,6.011302181,110.0,orange
50,50,50,31.08368929,90.14362642,7.028746406,110.0,orange
50,50,50,31.52675982,90.50621806,6.395258356,110.0,orange
50,50,50,31.8520694,90.12220323,6.407715561,110.0,orange
50,50,50,32.23797837,90.15406807,6.460044778,110.0,orange
50,50,50,32.39523995,94.51768464,6.601395755,110.0,orange
50,50,50,33.1056981,93.48447453,7.434118807,110.0,orange
50,50,50,34.05296914,92.05811721,6.725600855,110.0,orange
50,50,50,34.51465139,93.63812684,7.163245982,110.0,orange
50,50,50,34.74004942,93.12316972,6.949838549,110.0,orange
39,64,53,23.0124018,91.07355541,4.8,200.0,papaya
45,57,47,23.16855863,90.78821158,4.8,200.0,papaya
34,65,47,23.48546973,93.71043692,4.8,200.0,papaya
68,52,49,24.42561272,92.27749066,4.8,200.0,papaya
50,47,48,24.63676897,90.61964344,4.8,200.0,papaya
49,55,51,24.87212063,93.90560147,4.8,200.0,papaya
49,54,50,25.62446619,93.18240298,4.8,200.0,papaya
39,69,53,25.9300384,93.02357765,4.8,200.0,papaya
39,70,52,26.26559543,90.79668055,4.8,200.0,papaya
63,58,47,26.83054058,90.75379971,4.8,200.0,papaya
34,62,55,27.58548913,90.72526502,4.8,200.0,papaya
54,65,47,27.92765919,91.55594211,4.8,200.0,papaya
43,50,48,28.28222883,91.37059792,4.8,200.0,papaya
39,64,52,28.91842453,94.63676767,4.8,200.0,papaya
33,47,46,29.20300896,93.96834049,4.8,200.0,papaya
32,55,51,29.60718808,93.15642801,4.8,200.0,papaya
45,58,49,30.10773379,90.34546355,4.8,200.0,papaya
50,46,52,31.18298415,90.21646909,4.8,200.0,papaya
68,70,54,31.29986342,92.76039164,4.8,200.0,papaya
56,57,48,31.56213762,93.0484859,4.8,200.0,papaya
65,63,50,31.88342554,91.3256535,4.8,200.0,papaya
39,52,53,32.51247398,94.65904123,4.8,200.0,papaya
38,51,52,32.66160599,90.78931681,4.8,200.0,papaya
49,61,45,32.76795887,94.57377401,4.8,200.0,papaya
56,50,52,33.08706051,92.25197542,4.8,200.0,papaya
53,55,55,33.32315744,91.25271223,4.8,200.0,papaya
31,62,52,33.7960155,93.00754254,4.8,200.0,papaya
44,60,55,34.2804607,90.55561637,4.8,200.0,papaya
61,68,50,35.21462816,91.49725058,4.8,200.0,papaya
40,65,49,35.32876402,91.06138506,4.8,200.0,papaya
54,67,52,35.67667332,93.30641944,4.8,200.0,papaya
54,66,52,36.56769731,93.79503425,4.8,200.0,papaya
56,58,49,37.13165026,94.60761797,4.8,200.0,papaya
32,55,52,37.58899717,91.99740365,4.8,200.0,papaya
52,51,53,38.38231475,93.10378595,4.8,200.0,papaya
49,55,53,38.4418717,93.63739039,4.8,200.0,papaya
58,67,45,38.72382798,91.72514851,4.8,200.0,papaya
57,57,51,39.01793345,91.48815629,4.8,200.0,papaya
61,51,51,39.30050027,94.16193416,4.8,200.0,papaya
69,66,49,40.00439101,90.17015833,4.8,200.0,papaya
69,64,47,40.21199348,94.50766912,4.8,200.0,papaya
31,48,45,40.78881819,92.90951393,4.8,200.0,papaya
35,67,49,41.31330062,91.1508798,4.8,200.0,papaya
60,58,51,42.07213781,92.92203105,4.8,200.0,papaya
44,57,53,42.30495821,90.51431779,4.8,200.0,papaya
36,54,46,42.54744013,94.94482086,4.8,200.0,papaya
31,68,45,42.92325255,90.07600528,4.8,200.0,papaya
35,68,45,42.93605359,90.09448142,4.8,200.0,papaya
37,52,47,43.08022702,93.90305729,4.8,200.0,papaya
59,62,49,43.36051537,93.35191636,4.8,200.0,papaya
3,68,16,18.31910448,34.69776639,6.8,107.4721605,pigeonpeas
14,74,19,18.39759147,36.82639309,6.8,93.12330644,pigeonpeas
5,68,20,18.72987676,61.33186249,6.8,139.8710041,pigeonpeas
24,70,21,19.14729038,45.3733757,6.8,132.7748215,pigeonpeas
4,69,19,19.25100056,47.70351758,6.8,149.063196,pigeonpeas
17,73,18,19.50112224,34.51086611,6.8,197.3752649,pigeonpeas
16,55,19,19.54314136,47.19188279,6.8,192.4372194,pigeonpeas
24,73,20,19.63736208,32.31528909,6.8,176.4134092,pigeonpeas
33,61,24,20.04611791,48.93905624,6.8,122.4564203,pigeonpeas
7,77,18,20.5591255,60.54880693,6.8,191.0895109,pigeonpeas
23,55,16,21.01142393,69.69141302,6.8,185.2039114,pigeonpeas
18,58,16,21.47607807,38.80023714,6.8,180.382234,pigeonpeas
7,74,17,22.47253208,62.56532471,6.8,96.74706956,pigeonpeas
29,72,24,23.17409556,36.67847052,6.8,162.5931264,pigeonpeas
34,75,24,23.50222822,51.29019509,6.8,192.3023991,pigeonpeas
1,76,19,24.18553163,46.68746847,6.8,177.3377996,pigeonpeas
27,74,20,24.69487673,59.96669215,6.8,91.95792434,pigeonpeas
16,70,20,24.80467592,40.1242747,6.8,121.5639121,pigeonpeas
3,60,19,25.74679443,40.7192594,6.8,100.7791633,pigeonpeas
6,63,23,26.01630259,49.94704718,6.8,160.3337447,pigeonpeas
40,62,19,27.32198928,34.13737127,6.8,96.51524028,pigeonpeas
5,62,23,27.9348279,66.45457122,6.8,145.3728801,pigeonpeas
38,72,21,28.23416057,49.4421345,6.8,186.5008581,pigeonpeas
31,72,17,28.69180475,49.47225353,6.8,96.36222901,pigeonpeas
30,60,21,28.87667593,62.4901206,6.8,182.2688175,pigeonpeas
27,72,17,28.98039357,57.23265151,6.8,120.7435664,pigeonpeas
39,57,19,29.32379604,45.93248374,6.8,165.4113371,pigeonpeas
35,58,20,29.38538562,63.47742011,6.8,90.05422663,pigeonpeas
37,73,21,29.50304807,63.46513414,6.8,189.5208915,pigeonpeas
20,60,22,29.65052947,42.89833235,6.8,186.9226052,pigeonpeas
9,66,21,30.11812084,34.13307843,6.8,157.0858232,pigeonpeas
30,75,25,30.33276599,42.35249879,6.8,149.299952,pigeonpeas
13,75,20,30.55992394,35.29006485,6.8,178.8998611,pigeonpeas
28,59,22,30.90607799,52.79913039,6.8,170.9919828,pigeonpeas
23,75,25,31.07508973,47.19847683,6.8,91.31256412,pigeonpeas
17,67,18,31.2192752,56.46868874,6.8,129.2028653,pigeonpeas
26,73,21,31.33170829,57.97429171,6.8,161.7820226,pigeonpeas
31,56,23,31.46846241,35.39454002,6.8,174.5723999,pigeonpeas
40,70,20,31.80130272,45.03186173,6.8,147.0361442,pigeonpeas
38,55,19,33.18184225,38.23184742,6.8,198.8298806,pigeonpeas
34,56,17,33.4126864,35.42910045,6.8,139.6702541,pigeonpeas
36,80,21,33.64769646,48.41490082,6.8,100.4673278,pigeonpeas
2,67,18,34.51934775,47.52980027,6.8,129.0064612,pigeonpeas
22,62,16,34.6455408,54.32342534,6.8,180.9009998,pigeonpeas
6,66,15,34.93174223,30.40046769,6.8,159.2649827,pigeonpeas
33,58,24,35.45790488,68.75810535,6.8,108.6333046,pigeonpeas
20,72,15,36.00415838,56.01334416,6.8,134.8596466,pigeonpeas
37,77,17,36.20970524,31.94550613,6.8,191.0658531,pigeonpeas
3,72,24,36.51268371,57.92887167,6.8,122.6539694,pigeonpeas
40,59,23,36.89163721,62.73178224,6.8,163.7266551,pigeonpeas
4,85,43,18.07132963,93.14554876,5.779427402,80.0,pomegranate
32,85,35,18.09903225,85.70786282,5.892913826,80.0,pomegranate
5,85,38,18.26233221,88.16779129,5.709380472,80.0,pomegranate
8,85,44,18.47412402,89.68919664,7.130837931,80.0,pomegranate
8,85,36,18.78359608,87.4024767,6.804781106,80.0,pomegranate
20,85,45,18.90592319,89.24126808,6.077886012,80.0,pomegranate
2,85,44,18.92157197,87.31290342,6.56893406,80.0,pomegranate
25,85,41,19.20090378,94.27659596,6.923509371,80.0,pomegranate
40,85,43,19.38603815,86.79058496,5.767372539,80.0,pomegranate
21,85,42,19.54128063,90.29751796,6.902751061,80.0,pomegranate
29,85,43,19.66329768,87.95158129,5.561851831,80.0,pomegranate
12,85,40,19.68291173,89.75272999,6.594037135,80.0,pomegranate
7,85,35,19.75088482,88.71691157,7.054313823,80.0,pomegranate
4,85,41,19.85139326,89.80732335,6.430163481,80.0,pomegranate
36,85,37,19.8671184,86.35590206,5.782435567,80.0,pomegranate
33,85,45,20.00218987,85.83618191,7.116538883,80.0,pomegranate
39,85,38,20.12644921,87.59629625,6.965156738,80.0,pomegranate
10,85,42,20.24104904,91.08706822,6.887005997,80.0,pomegranate
20,85,41,20.51343484,92.51675903,5.700088663,80.0,pomegranate
13,85,37,20.86474944,91.61793636,6.277148771,80.0,pomegranate
23,85,44,20.93892916,85.42912869,6.12476108,80.0,pomegranate
23,85,44,21.20725375,94.26304717,7.16300467,80.0,pomegranate
11,85,42,21.57936934,94.88267728,5.938528744,80.0,pomegranate
38,85,37,21.80523051,94.63612858,6.658402594,80.0,pomegranate
28,85,40,22.10621387,91.34039616,6.769855664,80.0,pomegranate
18,85,41,22.36509395,92.30882391,7.175344328,80.0,pomegranate
5,85,38,22.43377991,90.3396556,6.107054808,80.0,pomegranate
9,85,40,22.48720144,89.9224883,6.553509673,80.0,pomegranate
30,85,38,22.59890174,93.16343942,7.058222596,80.0,pomegranate
32,85,37,22.73031253,88.48567856,6.825256236,80.0,pomegranate
34,85,36,22.8122645,86.34233767,6.276038961,80.0,pomegranate
22,85,38,22.92052307,85.12912161,6.988035315,80.0,pomegranate
0,85,42,23.20242586,91.19442671,6.859840821,80.0,pomegranate
18,85,35,23.2801227,94.94330457,6.368560522,80.0,pomegranate
32,85,42,23.50128217,92.97527546,5.786058032,80.0,pomegranate
39,85,39,23.65374106,93.32657504,6.431265737,80.0,pomegranate
9,85,36,23.77989026,92.93386903,5.893332378,80.0,pomegranate
8,85,37,23.88404783,86.20613842,6.082571701,80.0,pomegranate
1,85,36,23.98598756,93.34236582,5.684995235,80.0,pomegranate
37,85,36,24.24779615,85.56033312,6.710143266,80.0,pomegranate
27,85,41,24.32770134,90.88292835,6.610251186,80.0,pomegranate
40,85,41,24.37766782,85.4017118,5.78270695,80.0,pomegranate
40,85,44,24.45840036,86.10874614,6.322396027,80.0,pomegranate
21,85,40,24.51147697,90.64498715,5.956401828,80.0,pomegranate
3,85,44,24.56811204,92.03009222,6.591302797,80.0,pomegranate
5,85,40,24.692258,93.87030088,6.297907579,80.0,pomegranate
19,85,39,24.72485577,85.56083187,6.728599215,80.0,pomegranate
9,85,41,24.81530144,91.90842992,5.972714857,80.0,pomegranate
21,85,41,24.88244467,89.39686219,7.086947687,80.0,pomegranate
36,85,41,24.94467632,94.25702672,7.009180374,80.0,pomegranate
76,60,39,20.0454142,80.3477562,6.766240045,250.0,rice
78,42,42,20.13017482,81.60487287,7.628472891,250.0,rice
94,53,40,20.27774362,82.89408619,5.718627178,250.0,rice
72,40,38,20.41447029,82.20802629,7.592490617,250.0,rice
60,49,44,20.77576147,84.49774397,6.244841491,250.0,rice
90,42,43,20.87974371,82.00274423,6.502985292,250.0,rice
83,41,43,21.0525355,82.67839517,6.254028451,250.0,rice
78,43,42,21.32376327,83.00320459,7.283736617,250.0,rice
60,55,45,21.40865769,83.3293191,5.935745417,250.0,rice
93,47,37,21.53346343,82.14004101,6.500343222,250.0,rice
79,43,39,21.66628296,80.70960551,7.062779015,250.0,rice
85,58,41,21.77046169,80.31964408,7.038096361,250.0,rice
77,38,36,21.8652524,80.1923008,5.953933276,250.0,rice
65,60,43,21.97199397,81.89918197,5.658169482,250.0,rice
92,35,40,22.17931888,80.33127223,6.357389366,250.0,rice
84,51,35,22.30157427,80.64416466,6.043304899,250.0,rice
88,46,42,22.68319059,83.46358271,6.604993475,250.0,rice
69,55,38,22.70883798,82.63941394,5.70080568,250.0,rice
62,42,36,22.78133816,82.06719137,6.430010215,250.0,rice
69,37,42,23.05804872,83.37011772,7.073453503,250.0,rice
74,39,38,23.24113501,84.59201843,7.782051313,250.0,rice
65,37,40,23.35905428,83.59512273,5.333322606,250.0,rice
91,56,37,23.43191632,80.56887849,6.363472208,250.0,rice
98,47,37,23.48381344,81.33265073,7.375482851,250.0,rice
69,46,41,23.64124821,80.28597873,5.012139669,250.0,rice
91,35,39,23.79391957,80.41817957,6.970859754,250.0,rice
90,44,38,23.83509503,83.88387074,7.473134377,250.0,rice
95,39,36,23.86330467,83.15250801,5.561398642,250.0,rice
93,56,36,24.01497622,82.05687182,6.98435366,250.0,rice
60,48,39,24.28209415,80.30025587,7.042299069,250.0,rice
99,41,36,24.45802087,82.74835604,6.738652179,250.0,rice
85,37,39,24.52783742,82.73685569,6.364134968,250.0,rice
88,55,45,24.63544858,80.41363018,7.730367824,250.0,rice
73,35,38,24.88921174,81.97927117,5.005306977,250.0,rice
76,49,42,24.958779,84.47963372,5.206373153,250.0,rice
66,53,41,25.0756354,80.52389148,7.778915154,250.0,rice
67,58,39,25.2827223,80.54372813,5.453592032,250.0,rice
84,50,44,25.48591986,81.40633547,5.935344406,250.0,rice
64,45,43,25.62980105,83.52842314,5.534878156,250.0,rice
94,50,37,25.66585205,80.66385045,6.94801983,250.0,rice
83,58,45,25.75528612,83.51827127,5.875345751,250.0,rice
67,43,39,26.04371967,84.96907151,5.999969026,250.0,rice
95,52,36,26.22916897,83.83625819,5.543360238,250.0,rice
85,52,45,26.31355498,82.36698992,7.224285503,250.0,rice
61,53,43,26.40323239,81.05635517,6.349606327,250.0,rice
74,35,40,26.49109635,80.15836264,6.980400905,250.0,rice
81,45,35,26.52872817,80.12267476,6.158376967,250.0,rice
67,47,44,26.73072391,81.78596776,7.868474653,250.0,rice
95,55,42,26.79533926,82.1480873,5.950660556,250.0,rice
77,36,37,26.88444878,81.46033732,6.136131869,250.0,rice
86,15,47,24.04355803,84.18406764,6.423898762,53.78929956,watermelon
99,5,47,24.13078816,84.84494575,6.649086972,51.19470197,watermelon
120,7,47,24.24782473,83.03687902,6.653867608,54.7657624,watermelon
82,25,51,24.31334971,87.47409052,6.074209622,48.11248366,watermelon
101,17,55,24.37118217,87.1269128,6.451499764,44.63907691,watermelon
118,13,54,24.41311871,89.81574032,6.039584629,44.07843475,watermelon
118,21,51,24.42998931,86.33904774,6.678805092,48.58241822,watermelon
80,26,55,24.53442564,88.989272,6.140099215,49.11618732,watermelon
91,12,46,24.64458469,85.49938185,6.343942518,48.31219031,watermelon
89,25,54,24.69368934,85.56967628,6.353107393,48.99390828,watermelon
114,8,50,24.74631269,88.30866319,6.581587932,57.95826144,watermelon
112,28,54,24.86094646,85.05318563,6.738030547,55.29563514,watermelon
89,22,52,24.89681131,86.10782926,6.217300786,53.14626213,watermelon
117,30,50,24.90123934,87.20772913,6.744966312,46.59207341,watermelon
90,16,45,24.92093261,80.61750795,6.291540278,50.55710813,watermelon
112,25,51,25.04746944,85.5667282,6.932537231,56.72496677,watermelon
92,20,55,25.10474753,87.5267616,6.587791262,59.26519444,watermelon
91,7,53,25.13735887,89.28272716,6.457216535,43.52897517,watermelon
119,19,55,25.18780042,83.44621709,6.818261383,46.87420883,watermelon
98,25,52,25.2801372,83.15393658,6.224066378,49.29456609,watermelon
105,30,50,25.29954705,81.77527562,6.37620108,57.04147057,watermelon
119,30,49,25.35794749,80.45846265,6.903020221,47.72078245,watermelon
113,19,46,25.41864024,81.12122989,6.286387658,49.52320689,watermelon
114,21,55,25.4438391,87.9392312,6.472756256,57.51549686,watermelon
101,11,51,25.50736962,84.24340241,6.792035575,44.2068997,watermelon
120,20,45,25.66576039,88.6984228,6.114128685,54.22722466,watermelon
83,29,52,25.76402693,87.5931128,6.704688865,46.05122728,watermelon
120,19,49,25.79448878,84.26830701,6.762471629,56.45229202,watermelon
107,10,49,25.83202912,89.00481725,6.755192025,45.24690619,watermelon
88,5,47,25.86475496,86.67468041,6.662244646,41.16554802,watermelon
86,6,53,25.92030221,83.47202566,6.921847888,42.10681516,watermelon
119,7,55,26.03867719,84.6378378,6.031424482,44.3993381,watermelon
85,27,45,26.0713757,88.7285657,6.467095849,57.79652846,watermelon
99,6,45,26.12588914,86.5507939,6.000975617,40.71210074,watermelon
98,8,51,26.1793464,86.52258079,6.25933595,49.43050977,watermelon
105,14,50,26.2148837,87.6883982,6.419052193,59.65590798,watermelon
97,25,50,26.22005978,80.90127035,6.093814669,49.08553937,watermelon
97,22,50,26.26028739,86.14585891,6.7698938,58.97878791,watermelon
92,7,48,26.27520631,86.63249555,6.956508826,54.38748495,watermelon
81,18,50,26.44019475,80.91934337,6.507110986,47.81847573,watermelon
83,25,53,26.49195283,80.04678201,6.057697106,57.72799157,watermelon
117,27,48,26.53259325,82.39053979,6.835268184,54.30660782,watermelon
95,14,50,26.6333118,84.31756844,6.560443519,56.31866159,watermelon
107,5,52,26.6634609,89.98405233,6.881425746,57.40847165,watermelon
110,21,54,26.73690828,87.82430156,6.747537642,47.46447019,watermelon
102,14,52,26.79489868,89.64815231,6.51075991,57.74091817,watermelon
82,23,49,26.81383586,87.21986949,6.873283991,51.70497792,watermelon
109,10,53,26.81938687,87.8274604,6.551750306,46.06193778,watermelon
83,23,55,26.89750174,83.89241484,6.463271076,43.97193745,watermelon
104,23,47,26.98212846,86.70068316,6.770434148,42.91292205,watermelon
